agency_cd,site_no,station_nm,site_tp_cd,lat_va,long_va,dec_lat_va,dec_long_va,coord_meth_cd,coord_acy_cd,coord_datum_cd,dec_coord_datum_cd,district_cd,state_cd,county_cd,country_cd,land_net_ds,map_nm,map_scale_fc,alt_va,alt_meth_cd,alt_acy_va,alt_datum_cd,huc_cd,basin_cd,topo_cd,data_types_cd,instruments_cd,construction_dt,inventory_dt,drain_area_va,contrib_drain_area_va,tz_cd,local_time_fg,reliability_cd,gw_file_cd,nat_aqfr_cd,aqfr_cd,aqfr_type_cd,well_depth_va,hole_depth_va,depth_src_cd,project_no,rt_bol,peak_begin_date,peak_end_date,peak_count_nu,qw_begin_date,qw_end_date,qw_count_nu,gw_begin_date,gw_end_date,gw_count_nu,sv_begin_date,sv_end_date,sv_count_nu
USGS,04096015,GALIEN RIVER NEAR SAWYER MI,ST,415225,0863430,41.87365438,-86.57502160,M,T,NAD27,NAD83,26,26,021,US,  SWSES12 T07S  R20W  M,THREE OAKS,  24000, 600.92,R,.01,NGVD29,04040001,null,null,ANNINNNNNNNNNNNNNNNNNNNNNNNNNA,YNNNYNNNNNYNNNNNNNNNNNNNNNNNNN,null,19950621,80.7,null,EST,N,null,NYNNNNNN,null,null,null,null,null,null,442600100,1,1996-05-10,2015-07-19,20,2001-05-22,2003-09-02,6,--,--,0,1969-10-23,2016-10-27,178
USGS,04096340,ST. JOSEPH RIVER AT CLARENDON MI,ST,420751,0845156,42.13087770,-84.86552700,M,M,NAD27,NAD83,26,26,025,US,      S11 T04S  R05W  M,SOUTHWEST ALBION,  24000, 960,M,  5,NGVD29,04050001,null,null,IANNNNNNNNNNNNNNNNNNNNNNNNNNNI,NNNNNNNNNNNNNNNNNNNNNNNNNNNNNN,null,null,144,null,EST,N,null,NNNNNNNN,null,null,null,null,null,null,442600100,0,1975-02-28,1990-12-31,17,1969-11-06,2002-08-30,80,--,--,0,1963-07-09,1974-09-30,8
USGS,04096400,ST. JOSEPH RIVER NEAR BURLINGTON MI,ST,420611,0850225,42.10310135,-85.04025240,M,S,NAD27,NAD83,26,26,025,US,  SWSWS20 T04S  R06W  M,BURLINGTON,  24000, 916.21,L,.01,NGVD29,04050001,null,null,INNNNNNNNNNNNNNNNNNNNNNNNNNNNI,NNNNNNNNNNNNNNNNNNNNNNNNNNNNNN,null,null,201,null,EST,N,null,NNNNNNNN,null,null,null,null,null,null,244500100,0,1963-03-20,1990-12-31,29,--,--,0,--,--,0,1985-09-23,1991-09-23,61
USGS,04096405,ST. JOSEPH RIVER AT BURLINGTON MI,ST,420611,0850448,42.10310140,-85.07997640,M,M,NAD27,NAD83,26,26,025,US,  SESES23 T04S  R07W  M,BURLINGTON,  24000, 905,M,2.5,NGVD29,04050001,null,null,ANNINNNNNNNNNNNNNNNNNNNNNNNNNA,YNNNYNNNNNYNNNNNNNNNNNNNNNNNNN,null,null,206,null,EST,N,null,NYNNNNNN,null,null,null,null,null,null,442600100,1,1963-03-20,2015-06-16,53,2001-05-23,2002-08-14,5,--,--,0,1991-08-15,2016-11-15,223
USGS,04096515,SOUTH BRANCH HOG CREEK NEAR ALLEN MI,ST,415655,0844940,41.94865859,-84.82774030,M,T,NAD27,NAD83,26,26,023,US,  NESES13 T06S  R05W  M,ALLEN,  24000, 1010,M,  5,NGVD29,04050001,null,null,ANNINNNNNNNNNNNNNNNNNNNNNNNNNA,YNNNYNNNNNYNNNNNNNNNNNNNNNNNNN,null,null,48.7,null,EST,N,null,NYNNNNNN,null,null,null,null,null,null,244500100,1,1970-04-22,2015-06-17,46,1969-11-06,2002-08-14,5,--,--,0,1978-03-30,2016-11-14,304
USGS,04096600,COLDWATER RIVER NEAR HODUNK MI,ST,420145,0850623,42.02921420,-85.10636250,M,S,NAD27,NAD83,26,26,023,US,  NWNES22 T05S  R07W  M,BURLINGTON,  24000, 900,M,  5,NGVD29,04050001,null,null,IANANNNNNNNNNNNNNNNNNNNNNNNNNI,NNNNNNNNNNNNNNNNNNNNNNNNNNNNNN,null,null,293,null,EST,N,null,NNNNNNNN,null,null,null,null,null,null,244500358,0,1963-03-19,1989-06-02,27,1964-07-28,1965-04-26,3,--,--,0,1985-09-24,2010-10-19,35
USGS,04097170,PORTAGE RIVER AT W AVENUE NEAR VICKSBURG MI,ST,420653,0852908,42.11476850,-85.48555090,M,T,NAD27,NAD83,26,26,077,US,    SWS16 T04S  R10W  M,MENDON,  24000, 839.94,L,.01,NGVD29,04050001,null,null,IANINNNNNNNNNANNNNNNNNNNNNNNNA,NNNNNNYNNNNNNNNNNNNNNNNNNNNNNN,null,null,68.2,null,EST,N,null,NNNNNNNN,null,null,null,null,null,null,244500100,0,1947-04-07,2011-05-28,52,1965-02-18,1987-09-09,7,--,--,0,1947-04-07,2014-09-29,53
USGS,04097540,PRAIRIE RIVER NEAR NOTTAWA MI,ST,415318,0852434,41.88838304,-85.40942800,M,M,NAD27,NAD83,26,26,149,US,  NWSWS06 T07S  R09W  M,NOTTAWA,  24000, 850,M,  5,NGVD29,04050001,null,null,ANANNNNNNNNNNNNNNNNNNNNNNNNNNA,YNNNYNNNNNYNNNNNNNNNNNNNNNNNNN,null,null,106,null,EST,N,null,NYNNNNNN,null,null,null,null,null,null,442600100,1,1963-03-22,2015-07-21,53,2001-05-23,2002-08-07,4,--,--,0,1968-06-28,2016-10-26,278
USGS,04102776,MIDDLE BRANCH BLACK RIVER NEAR SOUTH HAVEN MI,ST,422557,0861225,42.43253060,-86.20697420,M,F,NAD27,NAD83,26,26,005,US,  NENES32 T01N  R16W  M,LACOTA,  24000, 590,M,  5,NGVD29,04050002,null,C,ANNNNNNNNNNNNNNNNNNNNNNNNNNNNA,YNNNNNNNNNYNNNNNNNNNNNNNNNNNNN,null,null,83.0,null,EST,N,null,NYNNNNNN,null,null,null,null,null,null,442600100,0,1994-11-07,2015-03-17,21,--,--,0,--,--,0,1994-11-04,2016-03-04,142
USGS,04103010,KALAMAZOO RIVER NEAR MARENGO MI,ST,421542,0845121,42.26170826,-84.85581150,M,M,NAD27,NAD83,26,26,025,US,  SWSES26 T02S  R05W  M,NORTHWEST ALBION,  24000, 910,M,  5,NGVD29,04050003,null,null,INNNNNNNNNNNNNNNNNNNNNNNNNNNNI,NNNNNNNNNNNNNNNNNNNNNNNNNNNNNN,null,null,267,null,EST,N,null,NYNNNNNN,null,null,null,null,null,null,442600100,1,1986-10-05,2011-05-26,25,--,--,0,--,--,0,1986-08-22,2011-10-11,225
USGS,04104945,WANADOGA CREEK NEAR BATTLE CREEK MI,ST,422347,0850754,42.39642810,-85.13166000,M,F,NAD27,NAD83,26,26,025,US,  NWSES09 T01S  R07W  M,BEDFORD,  24000, 826.64,R,.01,NAVD88,04050003,null,C,ANNNNNNNNNNNNNNNNNNNNNNNNNNNNA,YNNNYNNNNNYNNNNNNNNNNNNNNNNNNN,null,null,48.3,null,EST,N,null,NYNNNNNN,null,null,null,null,null,null,442600100,1,1994-11-08,2015-06-24,21,--,--,0,--,--,0,1974-06-06,2016-11-08,209
USGS,04105700,AUGUSTA CREEK NEAR AUGUSTA MI,ST,422112,0852114,42.35337340,-85.35388940,M,M,NAD27,NAD83,26,26,077,US,    SWS27 T01S  R09W  M,AUGUSTA,  24000, 815,M,  5,NGVD29,04050003,null,null,ANNINNNNNNNNNNNNNNNNNNNNNNNNNA,YNNNYNNNNNYNNNNNNNNNNNNNNNNNNN,null,null,38.9,null,EST,N,null,NYNNNNNN,null,null,null,null,null,null,442600100,1,1965-03-05,2015-06-24,51,1965-02-18,2014-03-31,17,--,--,0,1963-10-17,2016-11-15,497
USGS,04108600,RABBIT RIVER NEAR HOPKINS MI,ST,423832,0854319,42.64225370,-85.72196810,M,M,NAD27,NAD83,26,26,005,US,    SES16 T03N  R12W  M,WAYLAND,  24000, 700,M,  5,NGVD29,04050003,null,null,ANNNNNNNNNNNNNNNNNNNNNNNNNNNNA,YNNNYNNNNNYNNNNNNNNNNNNNNNNNNN,null,null,71.4,null,EST,N,null,NYNNNNNN,null,null,null,null,null,null,442600100,1,1966-02-10,2014-11-24,50,1967-03-28,2016-06-14,3,--,--,0,1966-12-08,2016-09-20,283
USGS,04111379,RED CEDAR RIVER NEAR WILLIAMSTON MI,ST,424059,0841309,42.68308990,-84.21913290,M,M,NAD27,NAD83,26,26,065,US,    NES04 T03N  R02E  M,WEBBERVILLE,  24000, 870,M,  5,NGVD29,04050004,null,null,ANNNNNNNNNNNNNNNNNNNNNNNNNNNNA,YNNNYNNNNNYNNNNNNNNNNNNNNNNNNN,null,null,163,null,EST,N,null,NYNNNNNN,null,null,null,null,null,null,442600100,1,1975-04-19,2015-06-24,28,--,--,0,--,--,0,1975-04-19,2016-10-31,170
